{
    "englishbay": [[49.32790444982854, -123.26474229672529],[49.32384311063004, -123.1671822539668],[49.27239758317908, -123.14884228393153],[49.28200662316377, -123.26197800888876], [49.32790444982854, -123.26474229672529]],
    "suncor": [[49.2913669295145, -122.90086259505198],[49.291491682416485, -122.89506053613908],[49.28842292334406, -122.8924335619966],[49.291491682416485, -122.89506053613908],[49.2913669295145, -122.90086259505198]],"westridge": [[49.29471587204706, -122.96097150087996], [49.29500974545897, -122.94689526859169], [49.287997290493855, -122.9465773999132], [49.288012283693945, -122.96288123361423],[49.29471587204706, -122.96097150087996]]
}